Neptunian Script,Romanization,Pronunciation,Definition
PE,Pe,/pe/,Pink (adj)
PEKESEN,Pekesen,/ˈpekˤeɕ̟en̟/,Pakistan (n)
PEMW,Pemw,/peˈmɯ/,We are (pl.v)
PENCIFENYA,Penchivenya,/ˈpen̟ʨ̟iβen̟jˤa/,Pennsylvania (n)
PEDAFE,Pedave,/peˈð̟aβe/,Free (adj)
PEI,Pei,/pɛɪ/,"Future, Away (n)"
PEIFHN,Peifaht,/pɛɪˈɸḁx̩ˤt̝/,If
PA,Pa,/pa/,"I, Me (n)"
PAPADA,Pabada,/paˈbað̟a/,People [formal] (pl.n)
PAPAS,Pabas,/paˈbaɕ̟/,People [informal] (pl.n)
PADA,Pada,/paˈð̟a/,"Person, Body (n)"
PARADAIS,Paradais,/ˈpaɾað̟aɪɕ̟/,Paradise (n)
PAS,Pas,/paɕ̟/,Bus (n)
PAI,Pai,/paɪ/,Smart (adj)
PAIK,Paik,/paɪkˤ/,Bicycle (n)
PAIDEN,Paiden,/ˈpaɪð̟en̟/,Portal (n)
PAIDARIKA,Paidarika,/paɪð̟aˈɾ̟ikˤa/,Puerto Rico (n)
PI,Pi,/pi/,Move (v)
PIPEYAHFEN,Pipeyahfen,/piˈpejˤaxˤɸen̟/,Vacation (n)
PIPEHRE,Pibehre,/piˈbexˤɾ̟e/,Current (n)
PIPI,Pipi,/piˈpi/,"Leave, Exit (v)"
PIP,Pip,/pip/,Go (v)
PIFA,Pifa,/piˈɸa/,B (the letter) (n)
PIKRINNW,Pikrinnw,/piˈkˤɾ̟in̟ːɯ/,Fly (v)
PINIRH,Pinirh,/piˈn̟iɾ̟̥x̩/,"Bring, Grant (a wish) (v)"
PINWG,Pinwng,/piˈn̟ɯŋˤ/,Ambition (n)
PINYH,Pinyh,/piˈn̟j̥ˤx̩ˤ/,Goodbye
PIREINIF,Pireiniv,/piˈɾ̟ɛɪn̟iβ/,Approach (v)
PIRI,Piri,/piˈɾ̟i/,"Enter, Come, Arrive (v)"
PICA,Picha,/piˈʨ̟a/,P (the letter) (n)
PIHE,Pihe,/piˈxˤe/,"Jump, Boil (v)"
PIHEKKEI,Pihekkei,/piˈxˤekˤːɛɪ/,Ride (v)
PIHEN,Pihen,/piˈxˤen̟/,"Travel, Journey (v/n)"
PIHAKKEI,Pihakkei,/piˈxˤakˤːɛɪ/,Lead (v)
PIHAN,Pihan,/piˈxˤan̟/,Walk (v)
PIHAI,Pihai,/piˈxˤaɪ/,Follow (n)
PIYENW,Piyenw,/piˈjˤen̟ɯ/,Piano (n)
PIGW,Pingw,/piˈŋˤɯ/,"Flow, Watershed (v/n)"
PIGWF,Pingwv,/piˈŋˤɯβ/,Run (v)
PW,Pw,/pɯ/,Bird (n)
PWP,Pwp,/pɯp/,Birds (pl.n)
PWNANNAI,Pwnannai,/pɯˈn̟an̟ːaɪ/,Silver (n)
PWN,Pwn,/pɯn̟/,Color (n)
PH,Ph,/px̩ˤ/,Wave (n)
PHPENYE,Phpenye,/px̩ˤˈpen̟jˤe/,Phpenye (n/pl.n)
PHPERE,Pahbere,/pḁxˤˈbeɾ̟e/,"We have, Our (pl.v/adj)"
PHPW,Phpw,/px̩ˤˈpɯ/,I am (v)
PHP,Php,/px̩ˤp/,We (pl.n)
PHFEN,Pahven,/pḁxˤˈβen̟/,Who
PHFENNYE,Pahvennye,/pḁxˤˈβen̟ːjˤe/,Doctor (n)
PHFES,Pahves,/pḁxˤˈβeɕ̟/,Teacher (n)
PHKRE,Phkre,/px̩ˤˈkˤɾ̟e/,About
PHNAG,Pahnang,/pḁxˤˈn̟aŋˤ/,Martian person (n)
PHNYEI,Pahnyei,/pḁxˤˈn̟jˤɛɪ/,Bridge (n)
PHNYEINA,Pahnyeina,/pḁxˤˈn̟jˤɛɪn̟a/,"Tunnel, Pipe, Through (n)"
PHDEP,Pahdep,/pḁxˤˈð̟ep/,"Leader, Captain (n)"
PHDEKRIFWM,Pahdegrivwm,/pḁxˤˈð̟egˤɾ̟iβɯm/,Waiter (n)
PHDEKRIMI,Pahdegrimi,/pḁxˤˈð̟egˤɾ̟imi/,"Fellow, Shrinekeeper (n)"
PHDENE,Pahdene,/pḁxˤˈð̟en̟e/,"Author, Scribe (n)"
PHDENIF,Pahdeniv,/pḁxˤˈð̟en̟iβ/,Neighbor (n)
PHDECWMKEN,Pahdechwmgen,/pḁxˤˈð̟eʨ̟ɯmgˤen̟/,Organ (n)
PHDEGW,Pahdengw,/pḁxˤˈð̟eŋˤɯ/,Protector (n)
PHDEG,Pahdeng,/pḁxˤˈð̟eŋˤ/,Friend (n)
PHRE,Phre,/px̩ˤˈɾ̟e/,"I have, My (v/adj)"
PHDEI,Pahdei,/pḁxˤˈð̟ɛɪ/,I was (v)
PHCWKE,Phchwke,/px̩ˤˈʨ̟ɯkˤe/,Student (n)
PHYEG,Phyeng,/px̩ˤˈjˤeŋˤ/,Neptunian person (n)
PHG,Phng,/px̩ˤŋ̥ˤ/,"Path, Road (n)"
PHGNE,Phngne,/px̩ˤŋ̥ˤˈn̟e/,Spell (v)
PRE,Pre,/pɾ̟e/,"Sign, Gesture (n/v)"
PREPEI,Prepei,/pɾ̟eˈpɛɪ/,Verb (n)
PREPEIRI,Prepeiri,/pɾ̟eˈpɛɪɾ̟i/,Verb agreement (n)
PREFFAFE,Preffave,/ˈpɾ̟eɸːaβe/,Plural (n)
PREFFACACI,Preffachachi,/ˈpɾ̟eɸːaʨ̟aʨ̟i/,Counter word form (n)
PREFFAG,Preffang,/ˈpɾ̟eɸːaŋˤ/,Adjective (n)
PRENNAI,Prennai,/ˈpɾ̟en̟ːaɪ/,Name (n)
PREI,Prei,/pɾ̟ɛɪ/,Grow (v)
PREINYAF,Preinyav,/pɾ̟ɛɪˈn̟jˤaβ/,"Fault, Wrongdoing (n)"
PREICIN,Preichin,/pɾ̟ɛɪˈʨ̟in̟/,Spread (v)
PRA,Pra,/pɾ̟a/,"Pen, Pencil (n)"
PRAG,Prang,/pɾ̟aŋˤ/,Places we can't see (Pluto) (n)
PRAI,Prai,/pɾ̟aɪ/,Do (v)
PRAIHE,Praihe,/pɾ̟aɪˈxˤe/,Raise (v)
PRI,Pri,/pɾ̟i/,Lake (n)
PRIF,Priv,/pɾ̟iβ/,Face (n)
PRIKKEIM,Prikkeim,/ˈpɾ̟ikˤːɛɪm/,Wince (v)
PRW,Prw,/pɾ̟ɯ/,"Weather, Emotion (n)"
PRH,Prh,/pɾ̟̥x̩ˤ/,Tongue (n)
PRHKWFE,Prhkwve,/pɾ̟̥x̩ˤˈkˤɯβe/,Lexical stress (n)
PRHNW,Prahnw,/pɾ̟̥ḁxˤˈn̟ɯ/,Noun (n)
PRHN,Praht,/pɾ̟̥ḁxˤt̟/,Word (n)
PYE,Pye,/pjˤe/,"Shell, Flute (n)"
PYEN,Pyen,/pjˤen̟/,"Big shell, Bass flute (n)"
PYED,Pyed,/pjˤeð̟/,Bread (n)
PYEI,Pyei,/pjˤɛɪ/,"Ask, Question (v/n)"
PYEIFI,Pyeifi,/pjˤɛɪˈɸi/,Answer (n)
PYA,Pya,/pjˤa/,Art (n)
PYAKEG,Pyageng,/pjˤaˈgˤeŋˤ/,"Music, Song, Sing (n/v)"
PYASEN,Pyasen,/pjˤaˈɕ̟en̟/,Brazil (n)
PYACWYHG,Pyachwyhng,/pjˤaˈʨ̟ɯj̥ˤx̩ˤŋ̥ˤ/,Symbol (n)
PYAI,Pyai,/pjˤaɪ/,"Wear, Clothing, Skin, Shell (v/n)"
PYAIPRAG,Pyaiprang,/pjˤaɪˈpɾ̟aŋˤ/,"Undercover, Secluded (adj)"
PYAIFEM,Pyaifem,/pjˤaɪˈɸem/,Sensitive (adj)
PYAIMEF,Pyaimev,/pjˤaɪˈmeβ/,Stubborn (adj)
PYAIHAN,Pyaihan,/pjˤaɪˈxˤan̟/,Sock (n)
PYH,Pyh,/pj̥ˤx̩ˤ/,Shoulder (n)
FE,Fe,/ɸe/,Arm (n)
FEPREFFAFE,Fepreffave,/ɸeˈpɾ̟eɸːaβe/,Pluralize (v)
FEFW,Fevw,/ɸeˈβɯ/,Arms (pl.n)
FEF,Fev,/ɸeβ/,Cold (adj)
FEFFAF,Feffav,/ˈɸeɸːaβ/,"Cool, Interesting (adj)"
FEM,Fem,/ɸem/,M (the letter) (n)
FEMPASI,Fembasi,/ˈɸembaɕ̟i/,Embassy (n)
FENNYAHEI,Fennyahei,/ˈɸen̟ːjˤaxˤɛɪ/,"Show off, Highlight  (v)"
FES,Fes,/ɸeɕ̟/,S (the letter) (n)
FEC,Fech,/ɸeʨ̟/,X (the letter) (n)
FEYAPAI,Feyapai,/ˈɸejˤapaɪ/,Airport (n)
FEYYE,Feyyw,/ˈɸejˤːɯ/,Beaches (pl.n)
FEGINNAM,Feginnam,/ɸeˈgˤin̟ːam/,Vine (n)
FEI,Fei,/ɸɛɪ/,A (the letter) (n)
FEI,Fei,/ɸɛɪ/,Open (v)
FEIFHKRE,Feifahgre,/ɸɛɪˈɸḁxˤgˤɾ̟e/,Uncommon (adj)
FEIFFH,Feiffh,/ˈɸɛɪɸːx̩ˤ/,"Common, Shared (adj)"
FEIM,Feim,/ɸɛɪm/,Thin (adj)
FEINWFEI,Feinwvei,/ɸɛɪˈn̟ɯβɛɪ/,Doorknob (n)
FEIN,Fein,/ɸɛɪn̟/,"Divide, Distribute, Shrink (v)"
FEINNW,Feinnw,/ˈɸɛɪn̟ːɯ/,Slab (n)
FEIC,Feich,/ɸɛɪʨ̟/,H (the letter) (n)
FEIHEN,Feihen,/ɸɛɪˈxˤen̟/,Dig (v)
FA,Fa,/ɸa/,One (n)
FAPEM,Fabem,/ɸaˈbem/,Identity (n)
FAPEN,Fapen,/ˈɸapen̟/,Apple (n)
FAPES,Fabes,/ɸaˈbeɕ̟/,Isolate (v)
FAF,Fav,/ɸaβ/,"Cheer, Wow (v)"
FAMEYEKA,Fameyeka,/ɸaˈmejˤekˤa/,USA (v)
FANIFAP,Fanivap,/ɸaˈn̟iβap/,"Every, Each [People] (adj)"
FANIFAKWN,Fanivagwn,/ɸan̟iˈβagˤɯn̟/,"Every, Each [Structures] (adj)"
FANIFAN,Fanivan,/ɸaˈn̟iβan̟/,"Every, Each [Generic things] (adj)"
FANIFARI,Fanivari,/ɸan̟iˈβaɾ̟i/,"Every, Each [Times], Always (adj)"
FANIFAS,Fanivas,/ɸaˈn̟iβaɕ̟/,"Every, Each [Abstract things] (adj)"
FANIFACE,Fanivache,/ɸan̟iˈβaʨ̟e/,"Every, Each [Pairs] (adj)"
FANIFACI,Fanivachi,/ɸan̟iˈβaʨ̟i/,"Every, Each [Parts] (adj)"
FANIFAHEN,Fanivahen,/ɸan̟iˈβaxˤen̟/,"Every, Each [Natural things] (adj)"
FANIFAI,Fanivai,/ɸaˈn̟iβaɪ/,"Every, Each [Holdable things] (adj)"
FAD,Fad,/ɸað̟/,Earth (n)
FAS,Fas,/ɸaɕ̟/,Fox (n)
FACEF,Fachev,/ɸaˈʨ̟eβ/,"Particular, Especially (adj)"
FACACI,Fachachi,/ɸaˈʨ̟aʨ̟i/,"Number, Count (v)"
FACI,Fachi,/ɸaˈʨ̟i/,Shorten (v)
FAYAN,Fayan,/ˈɸajˤan̟/,Owl (n)
FAGWNYH,Fangwnyh,/ɸaˈŋˤɯn̟j̥ˤx̩ˤ/,Glory (n)
FAG,Fang,/ɸaŋˤ/,"Touch, Feel (v)"
FI,Fi,/ɸi/,"Yes, True (adj)"
FIFA,Fifa,/ɸiˈɸa/,E (the letter) (n)
FIF,Fiv,/ɸiβ/,Sleep (v)
FIFSEINYEM,Fivseinyem,/ɸiβˈɕ̟ɛɪn̟jˤem/,Dock (n)
FIMEIN,Fimein,/ˈɸimɛɪn̟/,Email (n)
FIM,Fim,/ɸim/,Mean (v)
FIN,Fin,/ɸin̟/,Far (v)
FINDEYA,Findeya,/ˈɸin̟ð̟ejˤa/,India (n)
FINDANISA,Findanisa,/ɸin̟ð̟aˈn̟iɕ̟a/,Indonesia (n)
FINYE,Finye,/ɸiˈn̟jˤe/,Dream (v/n)
FINYEMYH,Finyemyh,/ɸiˈn̟jˤemj̥ˤx̩ˤ/,"Bless, Dedicate (v)"
FINYA,Finya,/ɸiˈn̟jˤa/,In order to
FIREYA,Fireya,/ˈɸiɾ̟ejˤa/,Video (n)
FIREIS,Fireis,/ɸiˈɾ̟ɛɪɕ̟/,Erase (v)
FISAN,Fisan,/ɸiˈɕ̟an̟/,Ishaan (n)
FICA,Ficha,/ɸiˈʨ̟a/,V (the letter) (n)
FIGIS,Fingis,/ˈɸiŋˤiɕ̟/,English (n)
FIG,Fing,/ɸiŋˤ/,Make (v)
FIGFWM,Fingvwm,/ɸiŋˤˈβɯm/,Cook (v)
FIGKWN,Fingkwn,/ɸiŋˤˈkˤɯn̟/,Settle (v)
FW,Fw,/ɸɯ/,"Wind, Air (n)"
FWMEIFHN,Fwmeivaht,/ɸɯˈmɛɪḁxˤt̟/,Breakfast (n)
FWM,Fwm,/ɸɯm/,Eat (v)
FWN,Fwn,/ɸɯn̟/,"Gust, Gale (n)"
FWNNH,Fwnnah,/ˈɸɯn̟ːḁxˤ/,Recipe (n)
FWNNYEM,Fwnnyem,/ˈɸɯn̟ːjˤem/,Soup (n)
FWNYEI,Fwnyei,/ɸɯˈn̟jˤɛɪ/,Uranus Island (n)
FWNYAN,Fwnyan,/ɸɯˈn̟jˤan̟/,"Delicious, Tasty (adj)"
FWDH,Fwdah,/ɸɯˈð̟ḁxˤ/,"Breathe, Whisper (v)"
FWCI,Fwchi,/ɸɯˈʨ̟i/,Breeze (n)
FH,Fh,/ɸx̩ˤ/,Spouse (n)
FHPEI,Fahbei,/ɸḁxˤˈbɛɪ/,"Potential partner (BF, GF, etc) (n)"
FHFEIN,Fhfein,/ɸx̩ˤˈɸɛɪn̟/,Simplify (v)
FHMWKAI,Fahmwkai,/ɸḁxˤˈmɯkˤaɪ/,Save (v)
FHNYE,Fahnye,/ɸḁxˤˈn̟jˤe/,"Heal, Cure (v)"
FHN,Faht,/ɸḁxˤt̟/,"Give, Cause, Send (v)"
FHRE,Fhre,/ɸx̩ˤˈɾ̟̥e/,Silence (v)
FHRMEN,Fhrmen,/ɸx̩ˤɾ̟̥ˈmen̟/,Organize (v)
FHS,Fhs,/ɸx̩ˤɕ̟/,Teach (v)
FHCWRI,Fhchwri,/ɸx̩ˤˈʨ̟ɯɾ̟i/,"Class, Lesson (n)"
FHYE,Fhye,/ɸx̩ˤˈjˤe/,Hands (pl.n)
FHYEM,Fhyem,/ɸx̩ˤˈjˤem/,Ages (pl.n)
FHYEM,Fhyem,/ɸx̩ˤˈjˤem/,Punctuation (n)
FHG,Fhng,/ɸx̩ˤŋ̥ˤ/,"Slow, Lazy (adj)"
FRE,Fre,/ɸɾ̟e/,Farm (v/n)
FREI,Frei,/ɸɾ̟ɛɪ/,Sad (adj)
FRA,Fra,/ɸɾ̟a/,"Hard, Thick (smoke) (adj)"
FRAF,Frav,/ɸɾ̟aβ/,Loud (adj)
FRAMAM,Framam,/ɸɾ̟aˈmam/,Palm (n)
FRAM,Fram,/ɸɾ̟am/,"Flat, Story (of a building) (n)"
FRAI,Frai,/ɸɾ̟aɪ/,"Finger, Claw (n)"
FRAIDE,Fraide,/ˈɸɾ̟aɪð̟e/,Friday (n)
FRAIRA,Fraira,/ˈɸɾ̟aɪɾ̟a/,Florida (n)
FRI,Fri,/ɸɾ̟i/,Head (n)
FRINYASE,Frinyase,/ɸɾ̟iˈn̟jˤaɕ̟e/,Grammar (n)
FRINYHN,Frinyaht,/ɸɾ̟iˈn̟jˤḁxˤt̟/,Standard (n)
FRIG,Fring,/ɸɾ̟iŋˤ/,"Normal, Basic, Default (adj)"
FRIGFH,Fringvah,/ɸɾ̟iŋˤˈβḁxˤ/,"Only, Just (adj)"
FRW,Frw,/ɸɾ̟ɯ/,Close Eyes (v)
FRWCE,Frwche,/ɸɾ̟ɯˈʨ̟e/,Forget (v)
FRH,Frh,/ɸɾ̟̥x̩ˤ/,"What, Which (n/adj)"
FRHFEN,Frahven,/ɸɾ̟̥ḁxˤˈβen̟/,"What, Which (pl.n/pl.adj)"
FRHF,Frahf,/ɸɾ̟̥ḁxˤɸ/,"Weird, Strange, Odd (adj)"
FRHS,Frhs,/ɸɾ̟̥x̩ˤɕ̟/,Maybe
KE,Ke,/kˤe/,Work (v)
KEFI,Kefi,/kˤeˈɸi/,Official (adj)
KENERA,Kenera,/ˈkˤen̟eɾ̟a/,Canada (n)
KERA,Kera,/kˤeˈɾ̟a/,Guitar (n)
KERIFWNNYA,Kerifwnnya,/kˤeɾ̟iˈɸɯn̟ːjˤa/,California (n)
KEDHREKEI,Kedahrekei,/kˤeˈð̟ḁxɾ̟ekɛɪ/,Thank you
KED,Ked,/kˤeð̟/,Cat (n)
KEI,Kei,/kˤɛɪ/,K (the letter) (n)
KEIPWN,Keipwn,/kˤɛɪˈpɯn̟/,Yellow (adj)
KEIN,Kein,/kˤɛɪn̟/,Fire (n)
KEIN,Kein,/kˤɛɪn̟/,Venus (n)
KEINKEIN,Keinkein,/kˤɛɪn̟ˈkˤɛɪn̟/,Venus Island (n)
KEINKW,Keinkw,/kˤɛɪn̟ˈkˤɯ/,Year by Venus (n)
KA,Ka,/kˤa/,"He, She, They, It (n)"
KAFI,Kavi,/ˈkˤaβi/,Coffee (n)
KAMWNIKEIRA,Kamwnikeira,/kˤamɯn̟iˈkˤɛɪɾ̟a/,Communicator (n)
KANCEM,Kanchem,/ˈkˤan̟ʨ̟em/,"Quantum, Entanglement (adj/n)"
KAYE,Kaye,/ˈkˤajˤe/,Car (n)
KAI,Kai,/kˤaɪ/,Fish (n)
KW,Kw,/kˤɯ/,Wheel (n)
KH,Kh,/kˤx̩ˤ/,Rain (n)
KHPW,Khpw,/kˤx̩ˤˈpɯ/,They are (v)
KHPWM,Khpwm,/kˤx̩ˤˈpɯm/,They are (pl.v)
KHKE,Kahge,/kˤḁxˤˈgˤe/,"They, Them (pl.n)"
KHRE,Khre,/kˤx̩ˤˈɾ̟e/,"They have, Their (v/adj)"
KHRERE,Khrere,/kˤx̩ˤˈɾ̟eɾ̟e/,"They have, Their (pl.v/adj)"
KHDEI,Kahdei,/kˤḁxˤˈð̟ɛɪ/,They were (v)
KHG,Khng,/kˤx̩ˤŋ̥ˤ/,Wall (n)
KHGPI,Khngpi,/kˤx̩ˤŋ̥ˤˈpi/,Front (n)
KHGSEI,Khngsei,/kˤx̩ˤŋ̥ˤˈɕ̟ɛɪ/,Back (n)
KRE,Kre,/kˤɾ̟e/,Hair (n)
KREK,Krek,/kˤɾ̟ekˤ/,Click (v)
KREM,Krem,/kˤɾ̟em/,"Break, Destroy (v)"
KREMKYAF,Kremgyav,/kˤɾ̟emˈgˤjˤaβ/,Bathroom (n)
KREI,Krei,/kˤɾ̟ɛɪ/,Fruit (n)
KREIM,Kreim,/kˤɾ̟ɛɪm/,"Pain, Hurting (n)"
KRA,Kra,/kˤɾ̟a/,Neck (n)
KRAFEN,Kraven,/kˤɾ̟aˈβen̟/,Kill (v)
KRAF,Krav,/kˤɾ̟aβ/,Die (v)
KRAFNYEM,Kravnyem,/kˤɾ̟aβˈn̟jˤem/,Poison (n/v)
KRAI,Krai,/kˤɾ̟aɪ/,Village (n)
KRAINYEM,Krainyem,/kˤɾ̟aɪˈn̟jˤem/,"Port, Station (n)"
KRAIRW,Krairw,/kˤɾ̟aɪˈɾ̟ɯ/,Town (n)
KRI,Kri,/kˤɾ̟i/,"Place, Put (v/n)"
KRIPRAG,Kriprang,/kˤɾ̟iˈpɾ̟aŋˤ/,Pluto Islands (n)
KRIFWM,Krivwm,/kˤɾ̟iˈβɯm/,Restaurant (n)
KRIFHN,Krivaht,/kˤɾ̟iˈβḁxˤt̟/,Where (n)
KRIFHNYE,Krivahnye,/kˤɾ̟iˈβḁxˤn̟jˤe/,Hospital (n)
KRIKE,Krike,/kˤɾ̟iˈkˤe/,Office (n)
KRIKEIN,Krikein,/kˤɾ̟iˈkˤɛɪn̟/,Firepit (n)
KRIKA,Krika,/kˤɾ̟iˈkˤa/,Store (n)
KRIMI,Krimi,/kˤɾ̟iˈmi/,Shrine (n)
KRIMYAME,Krimyame,/kˤɾ̟iˈmjˤame/,Universe (n)
KRINE,Krine,/kˤɾ̟iˈn̟e/,"Garden, Courtyard, Chart (n)"
KRINNEKWN,Krinnekwn,/ˈkˤɾ̟in̟ːekɯn̟/,"Roof, Ceiling (n)"
KRINNW,Krinnw,/ˈkˤɾ̟in̟ːɯ/,Sky (n)
KRIREIKE,Krireike,/kˤɾ̟iˈɾ̟ɛɪkˤe/,Toward
KRIRAM,Kriram,/kˤɾ̟iˈɾ̟am/,Forest (n)
KRIRI,Kriri,/kˤɾ̟iˈɾ̟i/,Here (n)
KRIDW,Kridw,/kˤɾ̟iˈð̟ɯ/,Jupiter Island (n)
KRICA,Kricha,/kˤɾ̟iˈʨ̟a/,"Remain, Stay (v)"
KRICIN,Krichin,/kˤɾ̟iˈʨ̟in̟/,Field (n)
KRICW,Krichw,/kˤɾ̟iˈʨ̟ɯ/,Bank (n)
KRICWFEIFFH,Krichwveiffh,/kˤɾ̟iˈʨ̟ɯβɛɪɸːx̩ˤ/,Committee (n)
KRICWKE,Krichwke,/kˤɾ̟iˈʨ̟ɯkˤe/,School (n)
KRW,Krw,/kˤɾ̟ɯ/,"House, Home (n)"
KRWKEM,Krwkem,/kˤɾ̟ɯˈkem/,Fort (n)
KRWKAI,Krwkai,/kˤɾ̟ɯˈkˤaɪ/,Shelter (n)
KRWKKEN,Krwkken,/ˈkˤɾ̟ɯkˤː en/,Apartment (n)
KRWM,Krwm,/kˤɾ̟ɯm/,Fight (v)
KRWN,Krwn,/kˤɾ̟ɯn̟/,Building (n)
KRWNFHF,Krwnvahf,/kˤɾ̟ɯn̟ˈβḁxˤɸ/,Chaos (n)
KRWNNE,Krwnne,/ˈkˤɾ̟ɯn̟ːe/,City (n)
KRWNNEPIKHN,Krwnnepikaht,/ˈkˤɾ̟ɯn̟ːepikˤḁxˤt̟/,Settlement (n)
KRWNYH,Krwnyh,/kˤɾ̟ɯˈn̟j̥x̩ˤ/,Lighthouse (n)
KRH,Krh,/kˤɾ̟̥x̩ˤ/,"No, False (adj)"
KRHF,Krahf,/kˤɾ̟̥ḁxˤɸ/,"Weak, Few (adj)"
KRHKEI,Krahgei,/kˤɾ̟̥ḁxˤˈgˤɛɪ/,Against
KRHM,Krahp,/kˤɾ̟̥ḁxˤp/,Room (n)
KRHNW,Krahnw,/kˤɾ̟̥ḁxˤˈn̟ɯ/,Nothing (n)
KRHG,Krhng,/kˤɾ̟̥x̩ˤŋ̥ˤ/,Annoying (adj)
ME,Me,/me/,Shape (n)
MEN,Men,/men̟/,N (the letter) (n)
MENDES,Mendes,/ˈmen̟ð̟eɕ̟/,Mantis (n)
MESEKA,Meseka,/ˈmeɕ̟ekˤa/,Mexico (n)
MEHMYE,Mehmye,/mexˤˈmjˤe/,Circle (n)
MEYERAN,Meyeran,/ˈmejˤeɾ̟an̟/,Maryland (n)
MEG,Meng,/ˈmeŋˤ/,Milk (n)
MEI,Mei,/mɛɪ/,"Wash, Clean (v)"
MEIF,Meiv,/mɛɪβ/,"Thick, Wide (adj)"
MEINI,Meini,/mɛɪˈn̟i/,Clean (adj)
MA,Ma,/ma/,Happy (adj)
MAME,Mame,/maˈme/,Joy (n)
MAM,Mam,/mam/,Mouth (n)
MANDEI,Mandei,/ˈman̟ð̟ɛɪ/,Monday (n)
MACIFAS,Machifas,/ˈmaʨ̟iɸaɕ̟/,Multiverse (n)
MACCI,Macchi,/ˈmaʨ̟ːi/,Cute (n)
MAGW,Mangw,/maˈŋˤɯ/,Bay (n)
MAI,Mai,/maɪ/,Tail (n)
MAI,Mai,/maɪ/,Y (the letter) (n)
MI,Mi,/mi/,Nose (n)
MIN,Min,/min̟/,Line (n)
MINKRIM,Mingrim,/min̟ˈgˤɾ̟im/,"Fence, Surround (n/v)"
MW,Mw,/mɯ/,"Live, Be (n)"
MWP,Mwp,/mɯp/,Also
MWFE,Mwve,/mɯˈβe/,"Live, Be [Future] (pl.v)"
MWFHN,Mwvaht,/mɯˈβḁxˤt̟/,"Become, Hatch, Birth (v)"
MWF,Mwv,/mɯβ/,"Live, Be [Future] (v)"
MWMEPHP,Mwmephp,/mɯˈmepx̩ˤp/,"Together, Fasten (v)"
MWM,Mwm,/mɯm/,Life (n)
MWM,Mwm,/mɯm/,"Live, Be (pl.v)"
MWRERAMNI,Mwreramni,/mɯˈɾ̟eɾ̟amn̟i/,Lush (adj)
MWD,Mwd,/mɯð̟/,"Live, Be [Past] (v)"
MWCEMRAM,Mwchemram,/mɯˈʨ̟emɾ̟am/,Camp (v/n)
MWGKRAF,Mwngrav,/mɯŋˤˈgˤɾ̟aβ/,Spirit (n)
MH,Mah,/mḁxˤ/,Dull (adj)
MH,Mah,/mḁxˤ/,"Parent, Old (n/adj)"
MHM,Mahp,/mḁxˤp/,Parent (pl.n)
MHNIM,Mahnim,/mḁxˤˈn̟im/,Family (n)
MHN,Maht,/mḁxˤt̟/,"Beautiful, Pretty (adj)"
MYE,Mye,/mjˤe/,Guess (v)
MYEM,Myem,/mjˤem/,"Hill, Bump (n)"
MYEI,Myei,/mjˤɛɪ/,Fun (adj)
MYA,Mya,/mjˤa/,Planet (n)
MYAN,Myan,/mjˤan̟/,"Celestial, Planetary (adj)"
MYACEFNW,Myachevnw,/mjˤaˈʨ̟eβn̟ɯ/,Type (n)
MYAI,Myai,/mjˤaɪ/,Rainbow (n)
MYH,Myh,/mj̥ˤx̩ˤ/,Start (v)
NE,Ne,/n̟e/,Hit (v)
NEPYAKEG,Nebyageng,/n̟eˈbjˤagˤeŋˤ/,"Dance, Party, Festival (v/n)"
NEFW,Nevw,/n̟eˈβɯ/,"Punch, Slash, Snare (v/n)"
NENYARI,Nenyari,/n̟eˈn̟jˤaɾ̟i/,Newspaper (n)
NEN,Nen,/n̟en̟/,Blast (v)
NEHW,Nehw,/n̟eˈxˤɯ/,Kick (v)
NEI,Nei,/n̟ɛɪ/,"Flower, Lightweight (n/adj)"
NA,Na,/n̟a/,"Sand, Brown (n/adj)"
NAPYEI,Nabyei,/n̟aˈbjˤɛɪ/,Alright?
NAME,Name,/n̟aˈme/,Sugar (n)
NANEN,Nanen,/n̟aˈn̟en̟/,Inevitable (adj)
NAN,Nan,/n̟an̟/,Gravel (n)
NAYYA,Nayya,/ˈn̟ajˤːa/,Tomorrow (n)
NAG,Nang,/n̟aŋˤ/,Mars (n)
NAGPWN,Nangpwn,/n̟aŋˤˈpɯn̟/,Red (adj)
NAGKW,Nangkw,/n̟aŋˤˈkˤɯ/,Year by Mars (n)
NAI,Nai,/n̟aɪ/,"Call, Summon (v)"
NAI,Nai,/n̟aɪ/,Night (n)
NI,Ni,/n̟i/,"And, Add (v)"
NIFAFAP,Nifavap,/n̟iˈɸaβap/,Populous (adj)
NIFWM,Nifwm,/n̟iˈɸɯm/,Food (n)
NIFH,Nifh,/n̟iˈɸx̩ˤ/,First (adj)
NIF,Niv,/n̟iβ/,Near (adj)
NIKRH,Nikrh,/n̟iˈkˤɾ̟̥x̩ˤ/,Without
NIKRHKEI,Nikrhkei,/n̟iˈkˤɾ̟̥x̩ˤkˤɛɪ/,Alone (adj)
NINAHEN,Ninahen,/n̟iˈn̟axˤen̟/,"Rough, Complex (adj)"
NINWKRH,Ninwkrh,/n̟iˈn̟ɯgˤɾ̟̥x̩ˤ/,Exclude (v)
NINWN,Ninwn,/n̟iˈn̟ɯn̟/,Include (v)
NINNIF,Ninniv,/ˈn̟in̟ːiβ/,"Next to, Local (adj)"
NIREHYE,Nirehye,/n̟iˈɾ̟exˤjˤe/,Point (n)
NIRI,Niri,/n̟iˈɾ̟i/,"Again, Another time"
NIRH,Nirh,/n̟iˈɾ̟̥x̩ˤ/,With
NIS,Nis,/n̟iɕ̟/,After (for connecting clauses)
NICI,Nichi,/n̟iˈʨ̟i/,Third (adj)
NICH,Nichh,/n̟iˈʨ̟x̩ˤ/,Second (adj)
NIHAG,Nihang,/n̟iˈxˤaŋˤ/,Rocky (adj)
NW,Nw,/n̟ɯ/,O (the letter) (n)
NW,Nw,/n̟ɯ/,"Smoke, Fog, Mist (n)"
NW,Nw,/n̟ɯ/,"Thing, Object (n)"
NWFEI,Nwvei,/n̟ɯˈβɛɪ/,"Door, Gate (n)"
NWFACI,Nwvachi,/n̟ɯˈβaʨ̟i/,Shortener (n)
NWFIG,Nwving,/n̟ɯˈβiŋˤ/,"Development, Creation (n)"
NWFHRE,Nwvahre,/n̟ɯˈβḁxˤɾ̟e/,Silencer (n)
NWF,Nwv,/n̟ɯβ/,Haze (n)
NWFRAM,Nwvram,/n̟ɯˈβɾ̟am/,Table (n)
NWKYHG,Nwgyahk,/n̟ɯˈgˤjˤḁxˤkˤ/,Sound (n)
NWKRH,Nwkrh,/n̟ɯˈkˤɾ̟̥x̩ˤ/,Zero (n)
NWMEMWPHP,Nwmemwphp,/n̟ɯˈmemɯpx̩ˤp/,"Culture, Heritage (n)"
NWNH,Nwnah,/n̟ɯˈn̟ḁxˤ/,"Paper, Page, Writing (n)"
NWNHFEG,Nwnahveng,/n̟ɯˈn̟ḁxˤβeŋˤ/,Stamp (n)
NWN,Nwn,/n̟ɯn̟/,"Things, Objects (pl.n)"
NWNNAN,Nwnnan,/ˈn̟ɯn̟ːan̟/,Books (pl.n)
NWNYEM,Nwnyem,/n̟ɯˈn̟jˤem/,Mist (n)
NWNYEN,Nwnyen,/n̟ɯˈn̟jˤen̟/,Need (v)
NWNYAPRI,Nwnyabri,/n̟ɯˈn̟jˤabɾ̟i/,Clock (n)
NWNYAN,Nwnyan,/n̟ɯˈn̟jˤan̟/,Polite (adj)
NWRAM,Nwram,/n̟ɯˈɾ̟am/,Plant (n)
NWRAMPIHEN,Nwrambihen,/n̟ɯˈɾ̟ambixˤen̟/,Passport (n)
NWRAN,Nwran,/n̟ɯˈɾ̟an̟/,Book (n)
NWDEHCEG,Nwdehcheng,/n̟ɯˈð̟exˤʨ̟eŋˤ/,Phonology (n)
NWSEF,Nwsev,/n̟ɯˈɕ̟eβ/,"Energy, Magic, Serene (n/adj)"
NWS,Nws,/n̟ɯɕ̟/,Information (n)
NWCH,Nwchh,/n̟ɯˈʨ̟x̩ˤ/,Pair (n)
NWHEINYE,Nwheinye,/n̟ɯˈxˤɛɪn̟jˤe/,"Accommodation, Tool (n)"
NWHAI,Nwhai,/n̟ɯˈxˤaɪ/,"Key, Crank (n)"
NWYAK,Nwyak,/n̟ɯˈjˤakˤ/,New York (n)
NWG,Nwng,/n̟ɯŋˤ/,Want (v)
NWGPEI,Nwngbei,/n̟ɯŋˤˈbɛɪ/,Hope (v)
NWGCEF,Nwngchev,/n̟ɯŋˤˈʨ̟eβ/,Love (v)
NWGYHG,Nwngyhng,/n̟ɯŋˤˈj̥ˤx̩ˤŋ̥ˤ/,Wish (v/n)
NH,Nah,/n̟ḁxˤ/,Write (v)
NHP,Nahp,/n̟ḁxˤp/,"Ugly, Mess (adj/n)"
NHNYA,Nahnya,/n̟ḁxˤˈn̟jˤa/,Syllabary (n)
NYE,Nye,/n̟jˤe/,"Egg, Seed (n)"
NYE,Nye,/n̟jˤe/,Protect (v)
NYEMWN,Nyemwn,/n̟jˤeˈmɯn̟/,"Ocean, Long (n/adj)"
NYEM,Nyem,/n̟jˤem/,Water (n)
NYEMKREI,Nyemgrei,/n̟jˤemˈgˤɾ̟ɛɪ/,Juice (n)
NYEMKRAF,Nyemgrav,/n̟jˤemˈgˤɾ̟aβ/,Blood (n)
NYENAI,Nyenai,/n̟jˤeˈn̟aɪ/,Light Grey (adj)
NYENNI,Nyenni,/ˈn̟jˤen̟ːi/,Wet (n)
NYERAI,Nyerai,/n̟jˤeˈɾ̟aɪ/,Rapids (n)
NYEI,Nyei,/n̟jˤɛɪ/,See (v)
NYEI,Nyei,/n̟jˤɛɪ/,Uranus (n)
NYEIPWN,Nyeipwn,/n̟jˤɛɪˈpɯn̟/,Light Blue (adj)
NYEIP,Nyeip,/n̟jˤɛɪp/,Come across (v)
NYEINIFENYANE,Nyeinifenyane,/n̟jˤɛɪˈn̟iɸen̟jˤan̟e/,Nice to meet (you)
NYEINIF,Nyeiniv,/n̟jˤɛɪˈn̟iβ/,Meet (v)
NYEIN,Nyein,/n̟jˤɛɪn̟/,Action (n)
NYEINYH,Nyeinyh,/n̟jˤɛɪˈn̟j̥ˤx̩ˤ/,Hello
NYEIHEKEN,Nyeiheken,/n̟jˤɛɪˈxˤekˤen̟/,Explore (v)
NYEIG,Nyeing,/n̟jˤɛɪŋˤ/,Eye (n)
NYA,Nya,/n̟jˤa/,Good (adj)
NYA,Nya,/n̟jˤa/,"Sun, Light (n)"
NYAFAN,Nyavan,/n̟jˤaˈβan̟/,"Amazing, Awesome (adj)"
NYAF,Nyav,/n̟jˤaβ/,Bad (adj)
NYAKKREGI,Nyakkregi,/ˈn̟jˤakˤːɾ̟egˤi/,Any time
NYANERI,Nyaneri,/n̟jˤaˈn̟eɾ̟i/,"Days, Every day (pl.n)"
NYAN,Nyan,/n̟jˤan̟/,"Of course, Bright, Obvious (adj)"
NYAREIMWFHN,Nyareimwvaht,/n̟jˤaˈɾ̟ɛɪmɯβḁxˤt̟/,Birthday (n)
NYAREIYEHFEN,Nyareiyehfen,/n̟jˤaˈɾ̟ɛɪjˤexˤɸem/,Sunset (n)
NYARI,Nyari,/n̟jˤaˈɾ̟i/,Day (n)
NYACWM,Nyachwm,/n̟jˤaˈʨ̟ɯm/,Afternoon (n)
NYAHEI,Nyahei,/n̟jˤaˈxˤɛɪ/,Yesterday (n)
NYAHEIFHN,Nyaheivaht,/n̟jˤaˈxˤɛɪβḁxˤt̟/,Morning (n)
NYAI,Nyai,/n̟jˤaɪ/,"Good, Alright, Okay (adj)"
NYAI,Nyai,/n̟jˤaɪ/,"Safe, Easy (adj)"
NYH,Nyh,/n̟j̥ˤx̩ˤ/,Flag (n)
NYHKEN,Nyahgen,/n̟jˤḁxˤˈgˤen/,Panic (v/n)
NYHN,Nyaht,/n̟jˤḁxˤt̟/,Scared (adj)
DE,De,/ð̟e/,Sibling (n)
DEF,Dev,/ð̟eβ/,Rope (n)
DEFNYAF,Devnyav,/ð̟eβˈn̟jˤaβ/,Steal (v)
DEKKAI,Dekkai,/ˈð̟ekˤːaɪ/,Fish (v)
DEKRAFEI,Degrafei,/ð̟eˈgˤɾ̟aɸɛɪ/,Lose (from death) (v)
DEMENSEN,Demensen,/ð̟eˈmen̟ɕ̟en̟/,Dimension (n)
DEMEIDE,Demeide,/ð̟eˈmɛɪð̟e/,Tomato (n)
DECCW,Decchw,/ˈð̟eʨ̟ːɯ/,Sell (v)
DEHEIPI,Deheipi,/ð̟eˈxˤɛɪpi/,"Advance, push away (v)"
DEHEICW,Deheichw,/ð̟eˈxˤɛɪʨ̟ɯ/,"Lend, Collect rent (v)"
DEHFI,Dehfi,/ð̟exˤˈɸi/,Promise (v/n)
DEHFINEIG,Dehfineing,/ð̟exˤˈɸin̟ɛɪŋˤ/,"Law, Right (n)"
DEHCW,Dehchw,/ð̟exˤˈʨ̟ɯ/,Remember (v)
DEI,Dei,/ð̟ɛɪ/,"Now, In"
DEIFHN,Deivaht,/ð̟ɛɪˈβḁxˤt̟/,When
DEINA,Deina,/ð̟ɛɪˈn̟a/,Week by Moon (n)
DEINIF,Deiniv,/ð̟ɛɪˈn̟iβ/,Soon
DEIN,Dein,/ð̟ɛɪn̟/,"During, In the time of"
DEINDE,Deinde,/ð̟ɛɪn̟ˈð̟e/,"So far, Until now"
DEINYAF,Deinyav,/ð̟ɛɪˈn̟jˤaβ/,Trouble (n)
DA,Da,/ð̟a/,"Read, Say (text aloud) (v)"
DAPW,Dabw,/ˈð̟abɯ/,W (the letter) (n)
DAF,Dav,/ð̟aβ/,Antenna (n)
DAKARI,Dagari,/ð̟aˈgˤaɾ̟i/,Laghari (n)
DAM,Dam,/ð̟am/,"Tree, Column, Tall (n/adj)"
DANYARI,Danyari,/ð̟aˈn̟jˤaɾ̟i/,Calendar (n)
DAREF,Darev,/ð̟aˈɾ̟eβ/,Antennae (pl.n)
DAREMCI,Daremchi,/ð̟aˈɾ̟emʨ̟i/,Mercury Island (n)
DAREINWCI,Dareinwchi,/ð̟aˈɾ̟ɛɪn̟ɯʨ̟i/,"Shimmer, Sparkle (v/n)"
DAI,Dai,/ð̟aɪ/,Angry (adj)
DAINIP,Dainip,/ð̟aɪˈn̟ip/,Violent (adj)
DAINW,Dainw,/ð̟aiˈn̟ɯ/,Lightning (n)
DI,Di,/ð̟i/,D (the letter) (n)
DI,Di,/ð̟i/,"Join, Tie (v)"
DIFI,Divi,/ð̟iˈβi/,"Television, TV (v)"
DIFIG,Diving,/ð̟iˈβiŋˤ/,Mix (v)
DINYH,Dinyh,/ð̟iˈn̟j̥ˤx̩ˤ/,Today (n)
DISI,Disi,/ð̟iˈɕ̟i/,Washington D.C. (n)
DW,Dw,/ð̟ɯ/,"Jupiter, Big (n/adj)"
DWN,Dwn,/ð̟ɯn̟/,"Very big, Great (n)"
DWREN,Dwren,/ð̟ɯˈɾ̟en̟/,Important (adj)
DWSSEI,Dwssei,/ˈð̟ɯɕ̟ːɛɪ/,Thursday (n)
DH,Dah,/ð̟ḁxˤ/,"Have, Hold, Carry (v)"
DHF,Dahf,/ð̟ḁxˤɸ/,"Take, Get, Receive (v)"
DHFNIFWM,Dahfnivwm,/ð̟ḁxˤɸˈn̟iβɯm/,Hunt (v)
DHKE,Dahke,/ð̟ḁxˤˈkˤe/,Pull (v)
DHKENYEM,Dahkenyem,/ð̟ḁxˤˈkˤen̟jˤem/,Row (v)
DHKECW,Dahkechw,/ð̟ḁxˤˈkˤeʨ̟ɯ/,"Borrow, Pay rent (v)"
DHKEI,Dahkei,/ð̟ḁxˤˈkˤɛɪ/,Push (v)
DHK,Dahk,/ð̟ḁxˤkˤ/,Dog (n)
DHN,Daht,/ð̟ḁxˤt̟/,Siblings (pl.n)
DHREG,Dahreng,/ð̟ḁxˤˈɾ̟eŋˤ/,Dogs (pl.n)
SE,Se,/ɕ̟e/,Money (n)
SEPENES,Sepenes,/ɕ̟eˈpen̟eɕ̟/,Spanish (n)
SEPYEI,Sebyei,/ˈɕ̟ebjˤɛɪ/,Subway (n)
SENDA,Senda,/ˈɕ̟en̟ð̟a/,Synth (n)
SENDIS,Sendis,/ˈɕ̟en̟ð̟iɕ̟/,Sandwich (n)
SEDWDEI,Sedwdei,/ˈɕ̟eð̟ɯð̟ɛɪ/,Saturday (n)
SEHI,Sehi,/ɕ̟eˈxˤi/,Warning (n)
SEHFREI,Sehfrei,/ɕ̟exˤˈɸɾ̟ɛɪ/,Apologize (v)
SEHFRAF,Sehfrav,/ɕ̟exˤˈɸɾ̟aβ/,"Yell, Scream (v)"
SEHMAM,Sehmam,/ɕ̟exˤˈmam/,Voice (n)
SEHSE,Sehse,/ɕ̟exˤˈɕ̟e/,Chat (v)
SEI,Sei,/ɕ̟ɛɪ/,"Past, Out"
SEIPE,Seipe,/ɕ̟ɛɪˈpe/,Time (n)
SEIPEKRH,Seipekrh,/ɕ̟ɛɪˈpekˤɾ̟̥x̩ˤ/,Never
SEIPEHANE,Seipehane,/ɕ̟ɛɪˈpexˤan̟e/,Saturn Island (n)
SEINNI,Seinni,/ˈɕ̟ɛɪn̟ːi/,For now
SEINYEM,Seinyem,/ɕ̟ɛɪˈn̟jˤem/,Boat (n)
SEINYEMKREM,Seinyemgrem,/ɕ̟ɛɪˈn̟jˤemgˤɾ̟em/,Shipwreck (n)
SEISE,Seise,/ɕ̟ɛɪˈɕ̟e/,"History, Historic, Ancient (n/adj)"
SEIGI,Seingi,/ɕ̟ɛɪˈŋˤi/,Find (v)
SEIGWG,Seingwng,/ɕ̟ɛɪˈŋˤɯŋˤ/,Sail (v)
SA,Sa,/ɕ̟a/,"As, By"
SA,Sa,/ɕ̟a/,You (n)
SAMW,Samw,/ɕ̟aˈmɯ/,You are (pl.v)
SAM,Sam,/ɕ̟am/,Reason (n)
SANFEN,Sanven,/ɕ̟an̟ˈβen̟/,Why
SANFRI,Sanvri,/ɕ̟an̟ˈβɾ̟i/,Bad news (n)
SANNI,Sanni,/ˈɕ̟an̟ːi/,Because
SANDEI,Sandei,/ˈɕ̟an̟ð̟ɛɪ/,Sunday (n)
SANYE,Sanye,"/ɕ̟aˈn̟jˤe/, /ɕ̟aɲˤ/",But
SADEM,Sadem,/ɕ̟aˈð̟em/,"Reasons, So (pl.n)"
SAREI,Sarei,/ɕ̟aˈɾ̟ɛɪ/,"Try, Test (v)"
SAYEF,Sayev,/ɕ̟aˈjˤeβ/,Star (n)
SAI,Sai,/ɕ̟aɪ/,"Can, Be able to (v)"
SAIMERAIN,Saimerain,/ˈɕ̟aɪmeɾ̟aɪn̟/,Timeline (n)
SAIMYE,Saimye,/ɕ̟aɪˈmjˤe/,Enjoyable (adj)
SAIS,Sais,/ɕ̟aɪɕ̟/,Website (n)
SI,Si,/ɕ̟i/,"Flavor, Taste (n/v)"
SIPHN,Sibaht,/ɕ̟iˈbḁxˤt̟/,Seatbelt (n)
SIFA,Sifa,/ɕ̟iˈɸa/,C (the letter) (n)
SIKKEN,Sikken,/ˈɕ̟ikˤːen̟/,Spicy (adj)
SINA,Sina,/ɕ̟iˈn̟a/,Sour (adj)
SINAG,Sinang,/ɕ̟iˈn̟aŋˤ/,Crunchy (adj)
SINW,Sinw,/ɕ̟iˈn̟ɯ/,Smooth (in taste) (adj)
SINYE,Sinye,/ɕ̟iˈn̟jˤe/,Sweet (adj)
SINYH,Sinyh,/ɕ̟iˈn̟j̥ˤx̩ˤ/,Tangy (adj)
SICE,Siche,/ɕ̟iˈʨ̟e/,Z (the letter) (n)
SICA,Sicha,/ɕ̟iˈʨ̟a/,T (the letter) (n)
SIHWN,Sihwn,/ɕ̟iˈxˤɯn̟/,Bitter (in taste) (adj)
SIHCI,Sihchi,/ɕ̟ixˤˈʨ̟i/,Leafy (in taste) (adj)
SIHYEG,Sihyeng,/ɕ̟ixˤˈjˤeŋˤ/,Salty (in taste) (adj)
SW,Sw,/ɕ̟ɯ/,Shake (v)
SWFEI,Swfei,/ɕ̟ɯˈɸɛɪ/,ZeWei (n)
SH,Sh,/ɕ̟x̩ˤ/,Speak (v)
SHPW,Shpw,/ɕ̟x̩ˤˈpɯ/,You are (v)
SHPRE,Shpre,/ɕ̟x̩ˤˈpɾ̟e/,Our Language (n)
SHPRECI,Shprechi,/ɕ̟x̩ˤˈpɾ̟eʨ̟i/,Dialect (n)
SHKRE,Shkre,/ɕ̟x̩ˤˈkˤɾ̟e/,Their Language (n)
SHNWGCEFEI,Sahnwngchevei,/ɕ̟ḁxˤˈn̟ɯŋˤʨ̟eβɛɪ/,Greet (v)
SHDERE,Sahdere,/ɕ̟ḁxˤˈð̟eɾ̟e/,"You have, Your (pl.v/adj)"
SHRE,Shre,/ɕ̟x̩ˤˈɾ̟e/,"You have, Your (v/adj)"
SHDEI,Sahdei,/ɕ̟ḁxˤˈð̟ɛɪ/,You were (v)
SHS,Shs,/ɕ̟x̩ˤɕ̟/,You (pl.n)
CE,Che,/ʨ̟e/,Mandible (n)
CEF,Chev,/ˈʨ̟eβ/,"Choose, Or (v)"
CEKEN,Cheken,/ˈʨ̟ekˤen̟/,Chicken (n)
CEN,Chen,/ʨ̟en̟/,Cheap (adj)
CECI,Chechi,/ʨ̟eˈʨ̟i/,Expensive (adj)
CEI,Chei,/ʨ̟ɛɪ/,J (the letter) (n)
CEI,Chei,/ʨ̟ɛɪ/,Three (n)
CEIN,Chein,/ʨ̟ɛɪn̟/,Train (n)
CA,Cha,/ʨ̟a/,Two (n)
CAPIKA,Chapika,/ʨ̟apikˤa/,"Tropical, Tropics (adj/n)"
CAFREMWNYH,Chavremwnyh,/ʨ̟aˈβɾ̟emɯn̟j̥ˤx̩ˤ/,Welcome
CAFRERHMWNYE,Chavrerahmwnye,/ʨ̟aˈβɾ̟eɾ̟ḁxˤmɯn̟jˤe/,Welcome (to everyone)
CAF,Chav,/ʨ̟aβ/,"Request, Please (v/n)"
CAI,Chai,/ʨ̟aɪ/,I (the letter) (n)
CAI,Chai,/ʨ̟aɪ/,Wait (for) (v)
CAINA,Chaina,/ˈʨ̟aɪn̟a/,China (n)
CAICA,Chaicha,/ˈʨ̟aɪʨ̟a/,Georgia (n)
CI,Chi,/ʨ̟i/,G (the letter) (n)
CI,Chi,/ʨ̟i/,"Mercury, Small, Short (n/adj)"
CIFE,Chife,/ʨ̟iˈɸe/,Month 1 (n)
CIKKW,Chikkw,/ˈʨ̟ikˤːɯ/,Month by Mercury (n)
CIN,Chin,/ʨ̟in̟/,"Grass, Green (n/adj)"
CINFIF,Chinviv,/ʨ̟in̟ˈβiβ/,Bed (n)
CINNAMI,Chinnami,/ʨ̟in̟ːami/,Leafy (adj)
CINNAM,Chinnam,/ʨ̟in̟ːam/,"Leaf, Spoon (n)"
CINNAGW,Chinnangw,/ˈʨ̟in̟ːaŋˤɯ/,Seaweed (n)
CIS,Chis,/ʨ̟iɕ̟/,Cheese (n)
CICE,Chiche,/ʨ̟iˈʨ̟e/,Month 2 (n)
CICI,Chichi,/ʨ̟iˈʨ̟i/,Month 3 (n)
CIHI,Chihi,/ʨ̟iˈxˤi/,Month 4 (n)
CIYEM,Chiyem,/ʨ̟iˈjˤem/,Month 5 (n)
CIYAF,Chiyav,/ʨ̟iˈjˤaβ/,Defecate (v)
CIHSE,Chihse,/ʨ̟ixˤˈɕ̟e/,Syllable (n)
CW,Chw,/ʨ̟ɯ/,Q (the letter) (n)
CW,Chw,/ʨ̟ɯ/,"Think, Know (v)"
CWF,Chwv,/ʨ̟ɯβ/,Strong (adj)
CWFHN,Chwvaht,/ʨ̟ɯˈβḁxˤt̟/,"Advice, Suggestion (n)"
CWKE,Chwke,/ʨ̟ɯˈkˤe/,"Learn, Study (v)"
CWKRH,Chwgrh,/ʨ̟ɯˈgˤɾ̟̥x̩ˤ/,Unknown (adj)
CWME,Chwme,/ʨ̟ɯˈme/,"Center, Middle (v/n)"
CWMEHPES,Chwmehpes,/ʨ̟ɯˈmexˤpeɕ̟/,Torso (n)
CWM,Chwm,/ʨ̟ɯm/,"On, Sit (v)"
CWMKEN,Chwmgen,/ʨ̟ɯmˈgˤen/,Inside
CWMNYH,Chwmnyh,/ʨ̟ɯmˈn̟j̥ˤx̩ˤ/,Confidence (n)
CWNFHG,Chwnvahk,/ʨ̟ɯn̟ˈβḁxˤkˤ/,"Relax, Slump (v)"
CWSSEI,Chwssei,/ˈʨ̟ɯɕ̟ːɛɪ/,Tuesday (n)
CWHEI,Chwhei,/ʨ̟ɯˈxˤɛɪ/,Know (of) (v)
CWHEIN,Chwhein,/ʨ̟ɯˈxˤɛɪn̟/,"Famous, Popular (adj)"
CWYHG,Chwyhng,/ʨ̟ɯˈj̥ˤx̩ˤŋ̥ˤ/,Believe (v)
CH,Chh,/ʨ̟x̩ˤ/,"Bucket, Box, Container (n)"
CHFWM,Chahvwm,/ʨ̟ḁxˤˈβɯm/,"Cup, Bowl (n)"
CHKEG,Chahgeng,/ʨ̟ḁxˤˈgˤeŋˤ/,Ears (n)
CHNYEM,Chahnyem,/ʨ̟ḁxˤˈn̟jˤem/,Consonant (n)
CHG,Chhng,/ʨ̟x̩ˤŋ̥ˤ/,"Hear, Listen, Ear (v/n)"
CHG,Chhng,/ʨ̟x̩ˤŋ̥ˤ/,"Method, Context (n)"
CHGFEN,Chhngfen,/ʨ̟x̩ˤŋ̥ˤˈɸen̟/,How
CHGME,Chhngme,/ʨ̟x̩ˤŋ̥ˤˈme/,Vowel (n)
HE,He,/xˤe/,Leg (n)
HE,He,/xˤe/,Quiet (adj)
HEPPIHE,Heppihe,/ˈxˤepːixˤe/,"Ramp, Stairs (n)"
HEFFAG,Heffang,/ˈxˤeɸːaŋˤ/,Terrain (n)
HEFFINYE,Heffinye,/ˈxˤeɸːin̟jˤe/,Fantasy (n)
HEFFRAM,Heffram,/ˈxˤeɸːɾ̟am/,Plateau (n)
HEKEN,Heken,/xˤeˈkˤen̟/,"Grounds, Islands, Worlds (pl.n)"
HEKEI,Hekei,/xˤeˈkˤɛɪ/,These (pl.n/pl.adj)
HEKANEIF,Hekaneiv,/xˤeˈkˤan̟ɛɪβ/,Desert (n)
HEKKANW,Hekkanw,/ˈxˤekˤːan̟ɯ/,Mountain (n)
HEKGI,Hekki,/ˈxˤekˤːi/,Hundreds (pl.n)
HEM,Hem,/xˤem/,"Sharp, Sharpen (adj/v)"
HENYA,Henya,/xˤeˈn̟jˤa/,Sun Island (n)
HEN,Hen,/xˤen̟/,"Ground, Island, World (n)"
HENKANAI,Henkanai,/xˤen̟ˈkˤan̟aɪ/,Moon Island (n)
HENNEFAG,Hennefang,/ˈxˤen̟ːeɸaŋˤ/,Quarry (n)
HENNYEM,Hennyem,/ˈxˤen̟ːjˤem/,Mud (n)
HEREF,Herev,/xˤeˈɾ̟eβ/,Bell (n)
HEREF,Herev,/xˤeˈɾ̟eβ/,"Hole, Gap (n)"
HERAM,Heram,/xˤeˈɾ̟am/,Jungle (n)
HERAM,Heram,/xˤeˈɾ̟am/,Root (n)
HERFEN,Herven,/xˤeɾ̟ˈβen̟/,"Canyon, Gorge (n)"
HECIN,Hechin,/xˤeˈʨ̟in̟/,From
HEYA,Heya,/xˤeˈjˤa/,Return (v)
HEYANW,Heyanw,/xˤeˈjˤan̟ɯ/,Year by Saturn (v)
HEYYEM,Heyywm,/ˈxˤejˤːɯm/,"Tip, Edge (n)"
HEYYEMKEN,Heyywmgen,/ˈxˤejˤːɯmgˤen̟/,Balcony (n)
HEYYA,Heyya,/ˈxˤejˤːa/,Cliff (n)
HEGI,Heki,/xˤeˈkˤi/,Sixteen (n)
HEI,Hei,/xˤɛɪ/,Four (n)
HEI,Hei,/xˤɛɪ/,"Up, Forward, More, This (n/adj)"
HEIFEN,Heiven,/xˤɛɪˈβen̟/,"Stand, Awaken (v)"
HEIKE,Heike,/xˤɛɪˈkˤe/,"Top, Peak (n)"
HEIKEN,Heiken,/xˤɛɪˈkˤen̟/,North (n)
HEIKAPEG,Heikapeng,/xˤɛɪˈkˤapeŋˤ/,Ray (n)
HEIKA,Heika,/xˤɛɪˈkˤa/,"Direction, Way (n)"
HEIKAN,Heikan,/xˤɛɪˈkˤan̟/,Direct (adj)
HEIMYE,Heimye,/xˤɛɪˈmjˤe/,Sacred (adj)
HEINA,Heina,/xˤɛɪˈn̟a/,"Left, Turn left (v)"
HEINAPI,Heinapi,/xˤɛɪˈn̟api/,Rebel (v/n)
HEINACWME,Heinachwme,/xˤɛɪˈn̟aʨ̟ɯme/,Fold (v)
HEINAHEN,Heinahen,/xˤɛɪˈn̟axˤen̟/,West (n)
HEINH,Heinah,/xˤɛɪˈn̟ḁxˤ/,Five (n)
HEINDI,Heindi,/xˤɛɪn̟ˈð̟i/,Seven (n)
HEINCH,Heinchh,/xˤɛɪn̟ˈʨ̟x̩ˤ/,Six (n)
HEINYE,Heinye,/xˤɛɪˈn̟jˤe/,"Right, Turn right (v)"
HEINYAN,Heinyan,/xˤɛɪˈn̟jˤan̟/,Example (n)
HEINYAHEN,Heinyahen,/xˤɛɪˈn̟jˤaxˤen̟/,East (n)
HEINYAHEN,Heinyahen,/xˤɛɪˈn̟jˤaxˤen̟/,Year by Sun (n)
HEIREHA,Heireha,/xˤɛɪˈɾ̟exˤa/,Summer (n)
HEICAF,Heichav,/xˤɛɪˈʨ̟aβ/,Nine (n)
HEICH,Heichh,/xˤɛɪˈʨ̟x̩ˤ/,Eight (n)
HEIGWF,Heingwv,/xˤɛɪˈŋˤɯβ/,Early (adj)
HA,Ha,/xˤa/,"Hot, Heat (adj/v)"
HAKEN,Haken,/xˤaˈkˤen̟/,Feet (pl.n)
HANE,Hane,/xˤaˈn̟e/,Different (adj)
HANE,Hane,/xˤaˈn̟e/,Saturn (n)
HANEKREF,Hanegrev,/xˤaˈn̟egˤɾ̟eβ/,"Same, Duplicate (adj/n)"
HANEDAMKRE,Hanedamgre,/xˤaˈn̟eð̟amgˤɾ̟e/,Equal (adj)
HANEIF,Haneiv,/xˤaˈn̟ɛɪβ/,Dry (adj)
HANEIG,Haneing,/xˤaˈn̟ɛɪŋˤ/,"Allow, Grant (v)"
HANAMPYE,Hanambye,/xˤaˈn̟ambjˤe/,How are you?
HANAI,Hanai,/xˤaˈn̟aɪ/,"Moon, Dark (n/adj)"
HANAINYE,Hanainye,/xˤaˈn̟aɪn̟jˤe/,Dark Grey (adj)
HANAIRI,Hanairi,/xˤaˈn̟aɪɾ̟i/,Night (n)
HANW,Hanw,/xˤaˈn̟ɯ/,Cloud (n)
HANWNE,Hanwne,/xˤaˈn̟ɯn̟e/,Clouds (pl.n)
HAN,Han,/xˤan̟/,Foot (n)
HANNE,Hanne,/ˈxˤan̟ːe/,Sandstone (n)
HANNAI,Hannai,/ˈxˤan̟ːaɪ/,"Metal, Gamelan (or similar) (n)"
HANNYE,Hannye,/ˈxˤan̟ːjˤe/,Pearl (n)
HANYEM,Hanyem,/xˤaˈn̟jˤem/,Gold (n)
HARAKREM,Haragrem,/ˈxˤaɾ̟agˤɾ̟em/,Hologram (n)
HAGWN,Hangwn,/xˤaˈŋˤɯn̟/,Boulder (n)
HAG,Hang,/xˤaŋˤ/,"Rock, Heavy (n/adj)"
HAGPE,Hangpe,/xˤaŋˤˈpe/,Coral (n)
HAGKEN,Hangken,/xˤaŋˤˈkˤen̟/,Stone (n)
HAGKEIN,Hangkein,/xˤaŋˤˈkˤɛɪn̟/,Coal (n)
HAGKREM,Hangkrem,/xˤaŋˤˈkˤɾ̟em/,Rubble (n)
HAGMIN,Hangmin,/xˤaŋˤˈmin̟/,Slate (n)
HAGNAG,Hangnang,/xˤaŋˤˈn̟aŋˤ/,Obsidian (n)
HAGNAGCI,Hangnangchi,/xˤaŋˤˈn̟aŋˤʨ̟i/,Ruby (n)
HAGNAI,Hangnai,/xˤaŋˤˈn̟aɪ/,Mars Island (n)
HAGNWF,Hangnwv,/xˤaŋˤˈn̟ɯβ/,Gemstone (n)
HAGSAYEF,Hangsayev,/xˤaŋˤˈɕ̟ajˤeβ/,Crystal (n)
HAGCI,Hangchi,/xˤaŋˤˈʨ̟i/,Pebble (n)
HAGCWF,Hangchwv,/xˤaŋˤˈʨ̟ɯβ/,Mineral (n)
HAGHW,Hanghw,/xˤaŋˤˈxˤɯ/,Diamond (n)
HAI,Hai,/xˤaɪ/,"Help, Use (v)"
HAINISE,Hainise,/xˤaɪˈn̟iɕ̟e/,Control (v)
HAICW,Haichw,/xˤaɪˈʨ̟ɯ/,Buy (v)
HAIGWN,Haingwn,/xˤaɪˈŋˤɯn̟/,Favor (n)
HI,Hi,/xˤi/,"Soft, Care, Worry (adj/n)"
HW,Hw,/xˤɯ/,Fill (v)
HWFE,Hwve,/xˤɯˈβe/,"Focus, Concentrate (v)"
HWMEN,Hwmen,/ˈxˤɯmen̟/,Human (n)
HWN,Hwn,/xˤɯn̟/,"Full, Rich (adj)"
YE,Ye,/jˤe/,Beach (n)
YE,Yw,/jˤɯ/,U (the letter) (n)
YEFA,Yefa,/jˤeˈɸa/,Short punctuation [Single dot] (n)
YEF,Yev,/jˤeβ/,F (the letter) (n)
YEF,Yev,/jˤeβ/,Quiet (v)
YEKREIN,Yekrein,/jˤeˈkˤɾ̟ɛɪn̟/,Ukraine (n)
YEMNYAF,Yemnyav,/jˤemˈn̟jˤaβ/,Lose (a game or fight) (v)
YEN,Yen,/jˤen/,L (the letter) (n)
YENDEI,Yendei,/ˈjˤen̟ð̟ɛɪ/,Wednesday (n)
YEHEN,Yehen,/jˤeˈxˤen̟/,Shore (n)
YEHEN,Yehen,/jˤeˈxˤen̟/,South (n)
YEHPW,Yehpw,/jˤexˤˈpɯ/,Wing (n)
YEHFEN,Yehfen,/jˤexˤˈɸen̟/,"Lie, Rest (v)"
YEHRAM,Yehram,/jˤexˤˈɾ̟am/,"Stick, Branch (v)"
YEI,Yei,/jˤɛɪ/,Children (pl.n)
YEI,Yei,/jˤɛɪ/,Warm (v)
YEIPPWN,Yeippwn,/ˈjˤɛɪpːɯn̟/,White (v)
YA,Ya,/jˤa/,"Down, Backward, Less (n/adj)"
YA,Ya,/jˤa/,"Drop, Fall (v)"
YA,Ya,/jˤa/,R (the letter) (n)
YAFW,Yavw,/jˤaˈβɯ/,Lower arms (v)
YASA,Yasa,/ˈjˤaɕ̟a/,Russia (n)
YAGGW,Yanngw,/ˈjˤaŋˤːɯ/,Dive (v)
YAI,Yai,/jˤaɪ/,Laugh (v)
YAIPREPPAI,Yaipreppai,/jˤaɪˈpɾ̟epːaɪ/,Joke (n)
YAIS,Yais,/jˤaɪɕ̟/,Rice (n)
YH,Yh,/j̥ˤx̩ˤ/,Change (v)
YH,Yh,/j̥ˤx̩ˤ/,"Child, New, Young (n/adj)"
YH,Yh,/j̥ˤx̩ˤ/,Hand (n)
YHFENE,Yahvene,/jˤḁxˤˈβen̟e/,Goodnight
YHFW,Yahvw,/jˤḁxˤˈβɯ/,Switch (v)
YHF,Yahf,/jˤḁxˤɸ/,Close (v)
YHF,Yahf,/jˤḁxˤɸ/,"Difficult, Challenge (adj/n)"
YHFYEM,Yahvyem,/jˤḁxˤβˈjˤem/,Block (v)
YHFYENNE,Yahvyenne,/jˤḁxˤβˈjˤen̟ːe/,Curtain (v)
YHMEIN,Yahmein,/jˤḁxˤˈmɛɪn̟/,"Final, Finally (adj)"
YHMNYE,Yahmnye,/jˤḁxˤmˈn̟jˤe/,"Win, Success (v/n)"
YHMYE,Yahmye,/jˤḁxˤˈmjˤe/,Medium punct. [Double dot] (n)
YHM,Yahp,/j̥ˤḁxˤp/,Age (n)
YHM,Yahp,/j̥ˤḁxˤp/,"Stop, End (v)"
YHN,Yaht,/jˤḁxˤt̟/,Cut (n)
YHCI,Yhchi,/j̥ˤx̩ˤˈʨ̟i/,Baby (n)
YHCI,Yhchi,/j̥ˤx̩ˤˈʨ̟i/,Long punct. [Triple dot] (n)
YHG,Yhng,/j̥ˤx̩ˤŋ̥ˤ/,Neptune (n)
YHGPWN,Yhngpwn,/j̥ˤx̩ˤŋ̥ˤˈpɯn̟/,Blue-violet (adj)
YHGKW,Yhngkw,/j̥ˤx̩ˤŋ̥ˤˈkˤɯ/,Year by Neptune (n)
YHGNYEM,Yhngnyem,/j̥ˤx̩ˤŋ̥ˤˈn̟jˤem/,Neptune Island (n)
GI,Ngi,/ŋˤi/,"River, Row (n)"
GIFEI,Ngifei,/ŋˤiˈɸɛɪ/,"System, Estruary (n)"
GIK,Ngig,/ŋˤigˤ/,"Rivers, Rows (pl.n)"
GINYEMWN,Nginyemwn,/ŋˤiˈn̟jˤemɯn̟/,"Channel, Strait (n)"
GIRHKEI,Ngirhkei,/ŋˤiˈɾ̟x̩ˤkˤɛɪ/,Dam (n)
GICI,Ngichi,/ŋˤiˈʨ̟i/,Stream (n)
GIHEI,Ngihei,/ŋˤiˈxˤɛɪ/,Flood (n)
GW,Ngw,/ŋˤɯ/,Swim (v)
GWF,Ngwv,/ŋˤɯβ/,Fast (adj)
GWMPEN,Ngwmpen,/ŋˤɯmˈpen̟/,Blue-green (adj)
GWNEI,Ngwnei,/ŋˤɯˈn̟ɛɪ/,Pride (n)
GWN,Ngwn,/ŋˤɯn̟/,Like (v)
GWNYAF,Ngwnyav,/ŋˤɯˈn̟jˤaβ/,Pirate (n)
GWCEMGIN,Ngwchemgin,/ŋˤɯˈʨ̟emgˤin̟/,Wander (v)
SENEIN,Senein,,??????